[
    {
        "site_name" : "ABC News",
        "site_url" : "http://abcnews.go.com/",
        "search_url" : " ",
        "rating" : 4,
        "bias" : "Moderate",
        "isSatire" : false
    },
    {
        "site_name" : "Al Jazeera",
        "site_url" : "http://www.aljazeera.com/",
        "search_url" : " ",
        "rating" : 5,
        "bias" : "Moderate",
        "isSatire" : false
    },
    {
        "site_name" : "The Associated Press",
        "site_url" : "https://www.apnews.com/",
        "search_url" : " ",
        "rating" : 5,
        "bias" : "N/A",
        "isSatire" : false
    },
    {
        "site_name" : "BBC",
        "site_url" : "http://www.bbc.com/news/world",
        "search_url" : " ",
        "rating" : 5,
        "bias" : "Moderate",
        "isSatire" : false
    },
    {
        "site_name" : "The Blaze",
        "site_url" : "http://www.theblaze.com/",
        "search_url" : " ",
        "rating" : 1,
        "bias" : "Conservative",
        "isSatire" : false
    },
    {
        "site_name" : "Bloomberg",
        "site_url" : "https://www.bloomberg.com/",
        "search_url" : " ",
        "rating" : 5,
        "bias" : "Liberal",
        "isSatire" : false
    },
    {
        "site_name" : "Breitbart",
        "site_url" : "http://www.breitbart.com/",
        "search_url" : " ",
        "rating" : 2,
        "bias" : "Conservative",
        "isSatire" : false
    },
    {
        "site_name" : "Borowitz Report",
        "site_url" : "http://www.newyorker.com/humor/borowitz-report",
        "search_url" : " ",
        "rating" : 1,
        "bias" : "Liberal",
        "isSatire" : true
    },
    {
        "site_name" : "Buzzfeed",
        "site_url" : "https://www.buzzfeed.com/",
        "search_url" : " ",
        "rating" : 1,
        "bias" : "Liberal",
        "isSatire" : false
    },
    {
        "site_name" : "CBS News",
        "site_url" : "http://www.cbsnews.com/",
        "search_url" : " ",
        "rating" : 4,
        "bias" : "Liberal",
        "isSatire" : false
    },
    {
        "site_name" : "C-Span",
        "site_url" : "https://www.c-span.org/",
        "search_url" : " ",
        "rating" : 5,
        "bias" : "N/A",
        "isSatire" : false
    },
    {
        "site_name" : "CNN",
        "site_url" : "http://www.cnn.com/",
        "search_url" : " ",
        "rating" : 4,
        "bias" : "Liberal",
        "isSatire" : false
    },
    {
        "site_name" : "Cracked",
        "site_url" : "http://www.cracked.com/",
        "search_url" : " ",
        "rating" : 1,
        "bias" : "N/A",
        "isSatire" : true
    },
    {
        "site_name" : "The Daily Bongo",
        "site_url" : "http://thedailybongo.com/",
        "search_url" : " ",
        "rating" : 1,
        "bias" : "N/A",
        "isSatire" : true
    },
    {
        "site_name" : "Daily Kos",
        "site_url" : "http://www.dailykos.com/",
        "search_url" : " ",
        "rating" : 2,
        "bias" : "Liberal",
        "isSatire" : false
    },
    {
        "site_name" : "Drudge Report",
        "site_url" : "http://drudgereport.com/",
        "search_url" : " ",
        "rating" : 3,
        "bias" : "Conservative",
        "isSatire" : false
    },
    {
        "site_name" : "The Economist",
        "site_url" : "http://www.economist.com/",
        "search_url" : " ",
        "rating" : 5,
        "bias" : "Liberal",
        "isSatire" : false
    },
    {
        "site_name" : "The Ed Schultz Show",
        "site_url" : "http://wegoted.com/",
        "search_url" : " ",
        "rating" : 4,
        "bias" : "Liberal",
        "isSatire" : false
    },
    {
        "site_name" : "Forbes",
        "site_url" : "https://www.forbes.com/",
        "search_url" : " ",
        "rating" : 5,
        "bias" : "Conservative",
        "isSatire" : false
    },
    {
        "site_name" : "Fox News",
        "site_url" : "http://www.foxnews.com/",
        "search_url" : " ",
        "rating" : 2,
        "bias" : "Conservative",
        "isSatire" : false
    },
    {
        "site_name" : "The Glenn Beck Program",
        "site_url" : "http://www.glennbeck.com/",
        "search_url" : " ",
        "rating" : 2,
        "bias" : "Conservative",
        "isSatire" : false
    },
    {
        "site_name" : "Google News",
        "site_url" : "https://news.google.com/",
        "search_url" : " ",
        "rating" : 4,
        "bias" : "Liberal",
        "isSatire" : false
    },
    {
        "site_name" : "The Guardian",
        "site_url" : "https://www.theguardian.com/us",
        "search_url" : " ",
        "rating" : 5,
        "bias" : "Liberal",
        "isSatire" : false
    },
    {
        "site_name" : "The Huffington Post",
        "site_url" : "http://www.huffingtonpost.com/",
        "search_url" : " ",
        "rating" : 2,
        "bias" : "N/A",
        "isSatire" : false
    },
    {
        "site_name" : "InfoWars",
        "site_url" : "https://www.infowars.com/",
        "search_url" : " ",
        "rating" : 1,
        "bias" : "Conservative",
        "isSatire" : false
    },
    {
        "site_name" : "Los Angeles Times",
        "site_url" : "http://www.latimes.com/",
        "search_url" : " ",
        "rating" : 4,
        "bias" : "Liberal",
        "isSatire" : false
    },
    {
        "site_name" : "The Mercury News",
        "site_url" : "http://www.mercurynews.com/",
        "search_url" : " ",
        "rating" : 4,
        "bias" : "Liberal",
        "isSatire" : false
    },
    {
        "site_name" : "Mother Jones",
        "site_url" : "http://www.motherjones.com/",
        "search_url" : " ",
        "rating" : 3,
        "bias" : "Liberal",
        "isSatire" : false
    },
    {
        "site_name" : "MSNBC",
        "site_url" : "http://www.msnbc.com/",
        "search_url" : " ",
        "rating" : 2,
        "bias" : "Liberal",
        "isSatire" : false
    },
    {
        "site_name" : "National Report",
        "site_url" : "http://nationalreport.net/",
        "search_url" : " ",
        "rating" : 1,
        "bias" : "N/A",
        "isSatire" : true
    },
    {
        "site_name" : "NBC News",
        "site_url" : "http://www.nbcnews.com/",
        "search_url" : " ",
        "rating" : 4,
        "bias" : "Liberal",
        "isSatire" : false
    },
    {
        "site_name" : "The New Yorker",
        "site_url" : "http://www.newyorker.com/",
        "search_url" : " ",
        "rating" : 4,
        "bias" : "Liberal",
        "isSatire" : false
    },
    {
        "site_name" : "New York Daily News",
        "site_url" : "http://www.nydailynews.com/",
        "search_url" : " ",
        "rating" : 4,
        "bias" : "Moderate",
        "isSatire" : false
    },
    {
        "site_name" : "New York Post",
        "site_url" : "http://nypost.com/",
        "search_url" : " ",
        "rating" : 4,
        "bias" : "Conservative",
        "isSatire" : false
    },
    {
        "site_name" : "The New York Times",
        "site_url" : "https://www.nytimes.com/",
        "search_url" : " ",
        "rating" : 5,
        "bias" : "Liberal",
        "isSatire" : false
    },
    {
        "site_name" : "NPR",
        "site_url" : "http://www.npr.org/",
        "search_url" : " ",
        "rating" : 4,
        "bias" : "Liberal",
        "isSatire" : false
    },
    {
        "site_name" : "The Onion",
        "site_url" : "http://www.theonion.com/",
        "search_url" : " ",
        "rating" : 1,
        "bias" : "Moderate",
        "isSatire" : true
    },
    {
        "site_name" : "PBS",
        "site_url" : "http://www.pbs.org/",
        "search_url" : " ",
        "rating" : 5,
        "bias" : "Liberal",
        "isSatire" : false
    },
    {
        "site_name" : "Politico",
        "site_url" : "http://www.politico.com/",
        "search_url" : " ",
        "rating" : 4,
        "bias" : "Moderate",
        "isSatire" : false
    },
    {
        "site_name" : "Politifact",
        "site_url" : "http://www.politifact.com/",
        "search_url" : " ",
        "rating" : 5,
        "bias" : "Moderate",
        "isSatire" : false
    },
    {
        "site_name" : "Reuters",
        "site_url" : "http://www.reuters.com/",
        "search_url" : " ",
        "rating" : 5,
        "bias" : "Moderate",
        "isSatire" : false
    },
    {
        "site_name" : "The Rush Limbaugh Show",
        "site_url" : "https://www.rushlimbaugh.com/",
        "search_url" : " ",
        "rating" : 1,
        "bias" : "Conservative",
        "isSatire" : false
    },
    {
        "site_name" : "The Sean Hannity Show",
        "site_url" : "http://www.hannity.com/",
        "search_url" : " ",
        "rating" : 2,
        "bias" : "Conservative",
        "isSatire" : false
    },
    {
        "site_name" : "Slate",
        "site_url" : "http://www.slate.com/",
        "search_url" : " ",
        "rating" : 3,
        "bias" : "Liberal",
        "isSatire" : false
    },
    {
        "site_name" : "Snopes",
        "site_url" : "http://www.snopes.com/",
        "search_url" : " ",
        "rating" : 5,
        "bias" : "N/A",
        "isSatire" : false
    },
    {
        "site_name" : "ThinkProgress",
        "site_url" : "https://thinkprogress.org/",
        "search_url" : " ",
        "rating" : 3,
        "bias" : "Moderate",
        "isSatire" : false
    },
    {
        "site_name" : "Unreal Times",
        "site_url" : "http://www.theunrealtimes.com/",
        "search_url" : " ",
        "rating" : 1,
        "bias" : "N/A",
        "isSatire" : true
    },
    {
        "site_name" : "USA Today",
        "site_url" : "http://www.usatoday.com/",
        "search_url" : " ",
        "rating" : 4,
        "bias" : "Moderate",
        "isSatire" : false
    },
    {
        "site_name" : "The Wall Street Journal",
        "site_url" : "https://www.wsj.com/",
        "search_url" : " ",
        "rating" : 5,
        "bias" : "Conservative",
        "isSatire" : false
    },
    {
        "site_name" : "The Washington Post",
        "site_url" : "https://www.washingtonpost.com/",
        "search_url" : " ",
        "rating" : 4,
        "bias" : "N/A",
        "isSatire" : false
    },
    {
        "site_name" : "Waterford Whisperer",
        "site_url" : "http://www.waterfordwhispersnews.com",
        "search_url" : " ",
        "rating" : 1,
        "bias" : "N/A",
        "isSatire" : true
    },
    {
        "site_name" : "Yahoo News",
        "site_url" : "https://www.yahoo.com/news/",
        "search_url" : " ",
        "rating" : 3,
        "bias" : "Liberal",
        "isSatire" : false
    }
]